<?xml version="1.0" ?>
<project name="Terrain and Water with tessalation" width=512 height=512>
    <assets>
        <attributes>
            <attribute name="scale" data="FLOAT" type="RENDERER" value=0.5 />
            <attribute name="tesselation" data="INT" type="RENDERER" value=500 />
            <attribute name="width" data="FLOAT" type="RENDERER" value=1 />
            <attribute name="level" data="FLOAT" type="RENDERER" value=30 />
            <attribute name="cam_pos_x" data="FLOAT" type="RENDERER" value=0 />
            <attribute name="water_level" data="FLOAT" type="RENDERER" value=0.4 />
            <attribute name="wave_frequency" data="FLOAT" type="RENDERER" value=10 />
            <attribute name="wave_height" data="FLOAT" type="RENDERER" value=0.01 />
            <attribute name="water_reflection" data="FLOAT" type="RENDERER" value=0.4 />
            <attribute name="foam_cutoff_height" data="FLOAT" type="RENDERER" value=0.05 />
            <attribute name="light_slope" data="FLOAT" type="RENDERER" value=0 />
            
            
        </attributes>
        <scenes>
            <scene name="skybox" >
                <SCALE x=200 y=200 z=200 />
                <file name="models/skybox.obj"/>
            </scene>

            <scene name="SquareTerrain" type="OctreeByMat">
                <file  name="models/square16.patch"/>
                <TRANSLATE x = -1.5 y = 0 z = 0 />
            </scene>

            <scene name="SquareWater" type="OctreeByMat">
                <file  name="models/square16.patch"/>
                <TRANSLATE x = -1.5 y = 0 z = 0 />
            </scene>
        </scenes>
        
        <viewports>
            <viewport name="MainViewport">
                <CLEAR_COLOR r="1.0" g="1.0" b="1.0" />
            </viewport>
        </viewports>
        
        <cameras>
            <camera name="MainCamera">
                <!--<viewport name="MainViewport" />
                <projection TYPE="PERSPECTIVE" FOV=60.0 NEAR=1 FAR=100.0 />
                <POSITION x=0 y=0.0 z=5 />
                <VIEW x=0.0 y=0.0 z=-1.0 />
                <UP x=0 y=1 z=0 />
                -->
                <viewport name="MainViewport" />
                <POSITION x=0 y=2 z=0 />
                <VIEW x=-1.0 y=-1.7 z=1.0 />
                <UP x=0 y=1 z=0 />
                <NEAR value=0.01 />
                <FAR value=500 />
                
            </camera>
        </cameras>
        
        <lights>
            <light name="Sun" >
                <DIRECTION x="-0.5" y="-0.5" z="0" />
            </light>
        </lights>
        
        <materialLibs>
            <materialLib filename="terrain_tess.mlib"/>
            <materialLib filename="water_tess.mlib"/>
            <materialLib filename="texture.mlib" />
        </materialLibs>
        
    </assets>
    
    
    <pipelines>
    
        <pipeline name="p1" default="true">

            <pass class="default" name="passQuad1">
                <scenes>
                    <scene name="SquareTerrain" />
                </scenes>
                <camera name="MainCamera" />
                <lights>
                    <light name="Sun" />
                </lights>
                <materialMaps>
                    <map fromMaterial="*" toLibrary="terrain_shaders" toMaterial="terrain" />
                </materialMaps>
            </pass>

            <pass class="default" name="passQuad2">
                <COLOR_CLEAR value=false />
                <DEPTH_CLEAR value=false />
                <scenes>
                    
                    <scene name="SquareWater" />
                </scenes>
                <camera name="MainCamera" />
                <lights>
                    <light name="Sun" />
                </lights>
                <materialMaps>
                    <map fromMaterial="*" toLibrary="water_shaders" toMaterial="water" />
                </materialMaps>
            </pass>

            <pass class="default" name="sky" >
                <COLOR_CLEAR value=false />
                <DEPTH_CLEAR value=false />
				<scenes>
					<scene name="skybox" />
				</scenes>
				<camera name="MainCamera" />
				<lights>
					<light name="Sun" />
				</lights>
				<injectionMaps>
					<map toMaterial="*">
						<shader fromMaterial="textured" fromLibrary="Texture" />
						<state name="cullFront" fromLibrary="Texture" />
					</map>
				</injectionMaps>
			</pass>
        </pipeline>
        
    </pipelines>

    <interface>
        
        <window label="settings" >
            
            <var label="level" type="RENDERER" context="CURRENT" component="level" 
                def="min=1 max=64 step=0.1"/>
            
            <var label="scale" type="RENDERER" context="CURRENT" 
                component="scale" def="min=0 max=10 step=0.05" />

            <var label="cam_pos_x" type="RENDERER" context="CURRENT" 
                    component="cam_pos_x" def="min=0 max=1 step=0.01" />
            
            <var label="width" type="RENDERER" context="CURRENT" 
                    component="width" def="min=0.1 max=50 step=0.1" />

            <var label="light_slope" type="RENDERER" context="CURRENT" 
                    component="light_slope" def="min=-3.14159 max=3.14159 step=0.05" />

        </window>

        <window label="water" >

            <var label="water level" type="RENDERER" context="CURRENT" 
                    component="water_level" def="min=0 max=5 step=0.02" />
            
            <var label="water reflection" type="RENDERER" context="CURRENT" 
                    component="water_reflection" def="min=0 max=1 step=0.05" />
            
            <var label="wave frequency" type="RENDERER" context="CURRENT" 
                    component="wave_frequency" def="min=0 max=50 step=1" />
            
             <var label="wave height" type="RENDERER" context="CURRENT" 
                    component="wave_height" def="min=0 max=1 step=0.01" />

            <var label="foam cutoff height" type="RENDERER" context="CURRENT" 
                    component="foam_cutoff_height" def="min=0 max=1 step=0.005" />
        </window>
        
    </interface>
</project>