<?xml version="1.0" ?>
<project name="Geometry Shader - Pass Through" width=512 height=512>
	<assets>
		<attributes>
			<attribute name="scale" data="FLOAT" type="RENDERER" value=1 />
			<attribute name="tesselation" data="INT" type="RENDERER" value=500 />
			<attribute name="width" data="FLOAT" type="RENDERER" value=10 />
		</attributes>
		<scenes>
			<scene name="skybox" >
				<SCALE x=200 y=200 z=200 />
				<file name="models/skybox.obj"/>
			</scene>

			<scene name="terrain" >
				<buffers name="terrain" primitive="POINTS" material="terrain" >
					<position name="terrain_point" fromLibrary="terrain_shaders" />
				</buffers>
			</scene>

			<scene name="water" >
				<buffers name="water" primitive="POINTS" material="water" >
					<position name="water_point" fromLibrary="terrain_shaders" />
				</buffers>
			</scene>
		</scenes>
		
		<viewports>
			<viewport name="MainViewport">
				<CLEAR_COLOR r="1.0" g="1.0" b="1.0" />
			</viewport>
		</viewports>
		
		<cameras>
			<camera name="MainCamera">
				<viewport name="MainViewport" />
				<POSITION x=0 y=10 z=0 />
				<VIEW x=1.0 y=-1.7 z=1.0 />
				<UP x=0 y=1 z=0 />
				<NEAR value=0.1 />
				<FAR value=100 />
			</camera>
		</cameras>
		
		<lights>
			<light name="Sun" >
				<DIRECTION x="1.0" y="-0.5" z="-2" />
			</light>
		</lights>
		
		<materialLibs>
			<materialLib filename="terrain.mlib"/>
		</materialLibs>
		
	</assets>
	
	
	<pipelines>
	
		<pipeline name="p1" default="true">

			<!-- <pass class="default" name="pass_water">

				<scenes instances = 250000>
					<scene name="water" />
				</scenes>

				<camera name="MainCamera" />
				<lights>
					<light name="Sun" />
				</lights>
				<materialMaps>
					<map fromMaterial="*"  toMaterial="water" toLibrary="terrain_shaders" />
				</materialMaps>
			</pass> -->

			
			<pass class="default" name="pass_terrain">

				<scenes instances = 250000>
					<scene name="terrain" />
				</scenes>

				<camera name="MainCamera" />
				<lights>
					<light name="Sun" />
				</lights>
				<materialMaps>
					<map fromMaterial="*"  toMaterial="terrain" toLibrary="terrain_shaders" />
				</materialMaps>
			</pass>
			
			
			<!--
			<pass class="default" name="pass_skybox">
				<scenes instances = 1>
					<scene name="skybox" />
				</scenes>
				<camera name="MainCamera" />
				<lights>
					<light name="Sun" />
				</lights>
			</pass>
			-->
					
		</pipeline>
		
	</pipelines>

	<interface>
		
		<window label="settings" >
			<var label="scale" type="RENDERER" context="CURRENT" 
					component="scale" def="min=0 max=100 step=0.05" />

			<var label="width" type="RENDERER" context="CURRENT" 
					component="width" def="min=0 max=100 step=0.05" />

			<!--
			<var label="tesselation" type="RENDERER" context="CURRENT" 
					component="tesselation" def="min=0 max=1000 step=1" />
			-->
		</window>
		
	</interface>
</project>